,train_acc,train_loss,valid_acc,valid_loss,test_acc,test_loss
adela,0.7714055,0.7112617560080065,0.7285714149475098,0.7515275875159673,0.6465116143226624,0.9498173569524011
aggie,0.74700314,0.7979226239346806,0.694656491279602,0.9431593550070552,0.6354680061340332,1.0875642076501706
andrius,,,,,,
diana,,,,,,
jack,,,,,,
joao,,,,,,
lukasz,,,,,,
nikita,,,,,,
rim,,,,,,
ron,,,,,,
santi,,,,,,
seb,,,,,,
sharan,,,,,,
teo,,,,,,
zoe,,,,,,
