experiment_name,activity_name,correctness,random_seed,n_train_subjects,n_validation_subjects,n_time_steps,step,n_features,features,num_filters,kernel_size,activation,lr,batch_size,epochs,downsample_rate,positive_class_weight,mean_accuracy_train,mean_loss_train,std_accuracy_train,std_loss_train,mean_accuracy_valid,mean_loss_valid,std_accuracy_valid,std_loss_valid,mean_accuracy_test,mean_f1_test,mean_loss_test,std_accuracy_test,std_f1_test,std_loss_test
00_sit_to_stand_downsample_16_all_correctness_balance_30,Sit to stand,all,42,12,2,38,19,3,normalised,64,3,relu,0.0001,32,200,16,30,0.928011131,0.30221529,0.00922724,0.034535201,0.912056029,0.248080599,0.024233076,0.067548521,0.90405461,0.765533378,0.25838286,0.035780001,0.076057793,0.093180288
0_Sit_to_stand_downsample_16_balance_25_128_filters,Sit to stand,all,42,12,2,38,19,3,normalised,128,3,relu,0.0001,32,1,16,30.0,0.18697080612182618,2.3395774048292615,0.023050448802617116,0.15599993188820252,0.15730842749277751,0.7463165971565238,0.017921925898967274,0.013473639909622437,0.15962315996487936,0.27459110059936254,0.7463759428221945,0.024368183214299326,0.03501332154606127,0.013383918463265395

000_Sit_to_stand_downsample_16_balance_25_128_filters,Sit to stand,all,42,12,2,38,19,3,normalised,128,3,relu,0.0001,32,250,16,30.0,0.9502652486165365,0.20403448717469053,0.007026566397308989,0.026868146495680156,0.9259319345156352,0.20547886444040883,0.020596677914732377,0.05638761273541905,0.9230629007021586,0.8009177415860197,0.2130913817770405,0.03545750058525981,0.08128273816374428,0.1023410324006477

001_Knee_extension_downsample_16_balance_25_128_filters,Knee extension,all,42,12,2,38,19,3,normalised,128,3,relu,0.0001,32,250,16,30.0,0.941465695699056,0.22722734980551929,0.009386844053288221,0.03199757580845647,0.9271072626113892,0.19244149553741655,0.018154777303239868,0.04976045614398233,0.9302236557006835,0.6908502364357477,0.19020408284624377,0.032893931434508465,0.10284200256649018,0.10683501378541774

002_Squats_downsample_16_balance_25_128_filters,Squats,all,42,12,2,38,19,3,normalised,128,3,relu,0.0001,32,250,16,30.0,0.9197828292846679,0.29705850541784334,0.02677129894662276,0.07995230806431798,0.8812669197718302,0.31119620088769623,0.048398042098509404,0.13380631201890592,0.8938753843307495,0.661731971180333,0.27157938076635674,0.03955962521305551,0.09139146410939723,0.10715678227026068
