{"breathing_rate":18.761726,"capture_name":"rehab_1583942198627","end_timestamp":1583942308566,"exercise_data":[{"breathing_rate":18.761726,"end_timestamp":1583942280702,"exercise_id":7,"rest_end_ts":1583942308489,"sd_br":0.663328,"start_timestamp":1583942198687}],"messagetype":"rehab_stats","sd_br":0.663328,"start_timestamp":1583942198627}
{"breathing_rate":33.037075,"capture_name":"rehab_1584037129149","end_timestamp":1584037313240,"exercise_data":[{"breathing_rate":30.947063,"end_timestamp":1584037211255,"exercise_id":0,"rest_end_ts":1584037223290,"sd_br":2.7816498,"start_timestamp":1584037129242},{"breathing_rate":35.649586,"end_timestamp":1584037305310,"exercise_id":3,"rest_end_ts":1584037313222,"sd_br":4.270187,"start_timestamp":1584037223299}],"messagetype":"rehab_stats","sd_br":4.104805,"start_timestamp":1584037129149}
{"breathing_rate":28.846153,"capture_name":"rehab_1584104552267","end_timestamp":1584104610801,"exercise_data":[{"breathing_rate":28.846153,"end_timestamp":1584104594357,"exercise_id":7,"rest_end_ts":1584104610791,"sd_br":0.0,"start_timestamp":1584104552344}],"messagetype":"rehab_stats","sd_br":0.0,"start_timestamp":1584104552267}
{"breathing_rate":24.498041,"capture_name":"rehab_1584104632149","end_timestamp":1584104707065,"exercise_data":[{"breathing_rate":24.498041,"end_timestamp":1584104674189,"exercise_id":0,"rest_end_ts":1584104707063,"sd_br":9.871487,"start_timestamp":1584104632176}],"messagetype":"rehab_stats","sd_br":9.871487,"start_timestamp":1584104632149}
{"breathing_rate":28.969164,"capture_name":"rehab_1584104724930","end_timestamp":1584104856400,"exercise_data":[{"breathing_rate":28.969164,"end_timestamp":1584104806988,"exercise_id":3,"rest_end_ts":1584104856399,"sd_br":9.241212,"start_timestamp":1584104724968}],"messagetype":"rehab_stats","sd_br":9.241212,"start_timestamp":1584104724930}
{"breathing_rate":28.039104,"capture_name":"rehab_1584104875843","end_timestamp":1584104963488,"exercise_data":[{"breathing_rate":28.039104,"end_timestamp":1584104917889,"exercise_id":4,"rest_end_ts":1584104963485,"sd_br":5.8425426,"start_timestamp":1584104875875}],"messagetype":"rehab_stats","sd_br":5.8425426,"start_timestamp":1584104875843}
{"breathing_rate":28.881882,"capture_name":"rehab_1584104978627","end_timestamp":1584105096871,"exercise_data":[{"breathing_rate":28.881882,"end_timestamp":1584105060662,"exercise_id":1,"rest_end_ts":1584105096869,"sd_br":6.992515,"start_timestamp":1584104978650}],"messagetype":"rehab_stats","sd_br":6.992515,"start_timestamp":1584104978627}
{"breathing_rate":24.989225,"capture_name":"rehab_1584105114182","end_timestamp":1584105278556,"exercise_data":[{"breathing_rate":24.989225,"end_timestamp":1584105196233,"exercise_id":5,"rest_end_ts":1584105278555,"sd_br":6.900291,"start_timestamp":1584105114215}],"messagetype":"rehab_stats","sd_br":6.900291,"start_timestamp":1584105114182}
{"breathing_rate":NaN,"capture_name":"rehab_1584105305874","end_timestamp":1584105391469,"exercise_data":[{"breathing_rate":0.0,"end_timestamp":1584105387919,"exercise_id":8,"rest_end_ts":1584105391468,"sd_br":0.0,"start_timestamp":1584105305906}],"messagetype":"rehab_stats","sd_br":NaN,"start_timestamp":1584105305874}
{"breathing_rate":27.477386,"capture_name":"rehab_1584207834787","end_timestamp":1584208113853,"exercise_data":[{"breathing_rate":32.608696,"end_timestamp":1584207916941,"exercise_id":0,"rest_end_ts":1584207920675,"sd_br":0.0,"start_timestamp":1584207834924},{"breathing_rate":39.473682,"end_timestamp":1584208002701,"exercise_id":1,"rest_end_ts":1584208005430,"sd_br":0.0,"start_timestamp":1584207920685},{"breathing_rate":25.764626,"end_timestamp":1584208087451,"exercise_id":3,"rest_end_ts":1584208113834,"sd_br":9.156457,"start_timestamp":1584208005440}],"messagetype":"rehab_stats","sd_br":9.313447,"start_timestamp":1584207834787}
{"breathing_rate":25.00103,"capture_name":"rehab_1584288492333","end_timestamp":1584288822120,"exercise_data":[{"breathing_rate":25.023344,"end_timestamp":1584288534421,"exercise_id":0,"rest_end_ts":1584288568598,"sd_br":11.429553,"start_timestamp":1584288492404},{"breathing_rate":24.546083,"end_timestamp":1584288570191,"exercise_id":1,"rest_end_ts":1584288570191,"sd_br":7.9082074,"start_timestamp":1584288568608},{"breathing_rate":24.20661,"end_timestamp":1584288612211,"exercise_id":3,"rest_end_ts":1584288645635,"sd_br":7.6506705,"start_timestamp":1584288570202},{"breathing_rate":25.759632,"end_timestamp":1584288687658,"exercise_id":4,"rest_end_ts":1584288734706,"sd_br":7.77605,"start_timestamp":1584288645648},{"breathing_rate":0.0,"end_timestamp":1584288776739,"exercise_id":7,"rest_end_ts":1584288822096,"sd_br":0.0,"start_timestamp":1584288734728}],"messagetype":"rehab_stats","sd_br":7.843625,"start_timestamp":1584288492333}
{"breathing_rate":30.830029,"capture_name":"rehab_1584365905231","end_timestamp":1584366350676,"exercise_data":[{"breathing_rate":30.861393,"end_timestamp":1584365987322,"exercise_id":1,"rest_end_ts":1584366003699,"sd_br":5.165769,"start_timestamp":1584365905307},{"breathing_rate":22.60398,"end_timestamp":1584366085724,"exercise_id":3,"rest_end_ts":1584366087690,"sd_br":18.540775,"start_timestamp":1584366003710},{"breathing_rate":31.780302,"end_timestamp":1584366169710,"exercise_id":4,"rest_end_ts":1584366178760,"sd_br":2.0963774,"start_timestamp":1584366087699},{"breathing_rate":44.117645,"end_timestamp":1584366260789,"exercise_id":5,"rest_end_ts":1584366265827,"sd_br":0.0,"start_timestamp":1584366178780},{"breathing_rate":0.0,"end_timestamp":1584366265942,"exercise_id":7,"rest_end_ts":1584366265942,"sd_br":0.0,"start_timestamp":1584366265845},{"breathing_rate":0.0,"end_timestamp":1584366347961,"exercise_id":8,"rest_end_ts":1584366350597,"sd_br":0.0,"start_timestamp":1584366265951}],"messagetype":"rehab_stats","sd_br":7.7774544,"start_timestamp":1584365905231}
{"breathing_rate":28.35223,"capture_name":"rehab_1584450719729","end_timestamp":1584451145043,"exercise_data":[{"breathing_rate":26.993088,"end_timestamp":1584450761834,"exercise_id":0,"rest_end_ts":1584450782279,"sd_br":2.908775,"start_timestamp":1584450719820},{"breathing_rate":19.694126,"end_timestamp":1584450824298,"exercise_id":1,"rest_end_ts":1584450836451,"sd_br":12.746555,"start_timestamp":1584450782289},{"breathing_rate":30.05218,"end_timestamp":1584450839721,"exercise_id":2,"rest_end_ts":1584450839721,"sd_br":5.619469,"start_timestamp":1584450836464},{"breathing_rate":32.38177,"end_timestamp":1584450881744,"exercise_id":3,"rest_end_ts":1584450911073,"sd_br":5.281507,"start_timestamp":1584450839737},{"breathing_rate":12.096774,"end_timestamp":1584450953094,"exercise_id":4,"rest_end_ts":1584450982147,"sd_br":0.0,"start_timestamp":1584450911084},{"breathing_rate":0.0,"end_timestamp":1584451024173,"exercise_id":5,"rest_end_ts":1584451035624,"sd_br":0.0,"start_timestamp":1584450982158},{"breathing_rate":0.0,"end_timestamp":1584451077646,"exercise_id":7,"rest_end_ts":1584451091998,"sd_br":0.0,"start_timestamp":1584451035630},{"breathing_rate":0.0,"end_timestamp":1584451134015,"exercise_id":8,"rest_end_ts":1584451145021,"sd_br":0.0,"start_timestamp":1584451092006}],"messagetype":"rehab_stats","sd_br":8.144165,"start_timestamp":1584450719729}
{"breathing_rate":30.14958,"capture_name":"rehab_1584707432089","end_timestamp":1584707975562,"exercise_data":[{"breathing_rate":33.374825,"end_timestamp":1584707514194,"exercise_id":0,"rest_end_ts":1584707523843,"sd_br":7.6300406,"start_timestamp":1584707432160},{"breathing_rate":10.869565,"end_timestamp":1584707605864,"exercise_id":1,"rest_end_ts":1584707607415,"sd_br":0.0,"start_timestamp":1584707523853},{"breathing_rate":27.312588,"end_timestamp":1584707689433,"exercise_id":3,"rest_end_ts":1584707702113,"sd_br":12.629359,"start_timestamp":1584707607424},{"breathing_rate":34.484264,"end_timestamp":1584707784137,"exercise_id":4,"rest_end_ts":1584707802754,"sd_br":4.0878825,"start_timestamp":1584707702127},{"breathing_rate":0.0,